Uniprot_Entry,Resid,label,depth,pKa,sasa
P30153,472,0,1.967648924143931,9.836666666666666,41.746606736607134
P07195,23,0,2.889086837251163,9.534375,6.495392118760251
P51157,184,0,1.823590554018156,9.715,29.85321326520133
Q13509,350,0,3.31415477058778,7.209444444444445,26.746439930188824
P38935,138,0,2.38381429138138,9.25,20.13351829407621
P54725,122,0,1.9038796728847605,10.443333333333332,70.01151856803146
P31947,32,0,2.6454692411715715,10.140877192982456,25.807586849977827
Q4LE39,57,0,1.9981288692190609,10.76421052631579,43.802440970839086
P48637,112,0,1.915124102313465,10.46,77.25578851736041
P62826,123,0,2.68717151140562,10.682954545454546,34.07546544798906
P54652,189,0,1.9361632048185853,11.145,43.99229461437867
Q13029,63,0,1.9905335451833617,10.107222222222225,33.489592217321075
P13929,126,0,1.95535905424578,10.54,27.4182880632823
Q15382,19,0,2.630801922903664,8.327333333333334,9.46050375972692
P16615,628,0,2.279791338499233,10.0,24.1211811191859
P62826,132,0,2.241211382454748,10.025454545454544,58.72600790429788
P52209,119,0,1.9420050436422216,10.502727272727272,47.1366941739047
P04406,117,0,1.9981751139419288,10.407431192660551,57.1679329002206
P06744,124,0,15.46505640285111,10.81,59.81111901475276
P09972,230,0,4.7888789603280015,7.484166666666667,3.90734495459448
P14618,305,0,2.138600013399496,9.093333333333334,30.65375215985983
P11908,197,0,1.8998577984836065,10.3275,60.90235885879265
P08133,135,0,2.292441801922317,10.4,45.73134613521973
P54725,328,0,2.28525735622503,10.795,37.41909012705676
P61011,92,0,1.901763113261126,10.305,73.47632165539798
P06744,497,0,21.272390491289517,9.61625,13.162311923914157
P22234,19,0,2.343175614693004,11.605,25.97667337190455
P39748,142,0,2.343820894284014,10.082,16.05411114600465
P29401,244,0,3.9697190099646016,7.755476190476191,9.856058948080156
P48729,225,0,1.88730406405644,10.335,70.67382465885505
P62937,91,0,2.088317733700103,10.410851581508515,53.94069042037937
P11586,251,0,2.164546270027033,10.448333333333332,49.68706125378707
P54725,53,0,2.1011500185253023,10.3248,62.76471985478251
P61011,33,0,2.06780365721714,9.38,53.95351588321024
P31947,160,0,2.334604965140881,10.503303571428573,68.55492384814185
P26038,258,0,2.553582220376292,10.614375,39.28733419162279
P54652,188,0,1.911558324334881,10.615,64.93691649924186
P38935,394,0,3.4961651844554327,7.97,11.313889618204565
P16615,205,0,2.727842763330187,10.2,35.21849719383363
P16035,155,0,1.9963781278323371,9.733333333333334,55.45071385711011
P62820,125,0,2.519857965265458,11.333333333333334,34.74516390069276
P47756,136,0,1.991592886774742,9.72,40.88838471017023
P23526,412,0,1.9693241021397645,10.438620689655174,73.42518162757183
P22234,261,0,1.97133753532376,10.318333333333332,67.69835462513163
P11908,198,0,1.8734447549722824,9.7325,66.53044846662094
P10599,8,0,2.2492493899977712,10.682639405204462,51.39200108690074
P06744,241,0,2.406723353946248,10.17,51.83973944488905
P49588,19,0,2.079543693131971,10.14875,51.78379618820872
P54132,38,0,2.059673722628916,10.476,66.38751581835966
P68036,64,0,2.333664120570128,10.761818181818182,53.24956707934877
P10591,69,0,2.687351317936465,10.763,22.81104044411471
P11926,247,0,2.4502053474387044,10.89,50.93351268279143
P11142,187,0,1.925377543650158,10.602352941176472,66.60226475493322
P11172,187,0,1.9920766691056309,10.405,69.56809040079273
P11142,325,0,1.9699804449413951,10.38,70.60140440320511
Q6P1N9,201,0,2.095748029812404,9.688,45.802706103349095
P06744,130,0,17.35097395634138,10.286666666666669,47.75830062448509
P23528,125,0,2.283170584624575,10.316111111111113,51.10334655138671
P28482,272,0,1.933625803379158,9.936062992125985,35.81343372584156
P62258,78,0,2.267304096854327,10.338333333333331,50.446734900256295
P29401,499,0,1.8870933101101088,10.523333333333332,77.14680673054056
P49916,114,0,1.8814837544089056,10.429642857142856,76.2583351873402
P04083,71,0,1.9148734025982288,10.36,77.6764346837067
P68036,145,0,2.022028720660397,10.389545454545454,61.774381382124666
P14618,173,0,2.288820536107876,10.2,45.55023004624795
Q15404,243,0,2.082854330060353,10.68,59.2406526945845
P48729,65,0,2.0578553572061526,9.92,57.173599265754575
P30153,292,0,1.955662950861045,10.81,43.53927804456181
P68400,64,0,2.5303669873166146,10.567955056179777,51.72615390130202
P08758,193,0,2.098567754352729,10.7228,53.4779507502884
P31946,122,0,2.97031645465008,10.492,31.41294856786171
P11926,37,0,1.9668423623167244,10.010000000000002,20.217735884638845
P11586,10,0,2.0692032291437545,10.316666666666666,73.02916284688314
P51665,45,0,1.944161031117344,10.411666666666669,75.30165789113452
P09972,200,0,2.085555061131233,10.355555555555556,62.08741924038376
P40925,312,0,2.1749645639941977,9.726666666666668,30.624348816117635
P62826,71,0,1.987970857012581,10.27372093023256,63.36567115605511
P54725,26,0,2.328814432260033,10.8476,55.016867765631
P27348,9,0,2.202361825775678,10.066666666666668,42.01961986485035
P07900,74,0,1.9272724500648803,10.249571428571429,67.39328268143922
Q00059,97,0,31.863007349065203,10.39,65.69855636819653
P32119,92,0,1.9111378831162336,10.399,73.58972333271554
P40925,149,0,2.2849697442458914,11.08,48.2547268052914
P06744,447,0,16.7677930535101,10.715,64.19830679518265
P56192,108,0,2.121258757606425,10.586666666666666,41.32800042382412
P0DMM9,16,0,1.8707601537840632,10.115,60.52466415450717
P28482,344,0,2.57392619743914,9.639212598425198,24.062193285077875
P26038,344,0,1.9190229121707147,10.383333333333336,69.30271581510395
P27348,212,0,2.06183951076102,10.4425,71.04198822917847
Q13464,339,0,1.913529849786296,10.40509433962264,70.14667121562572
P22234,11,0,2.0767410180027728,10.781666666666666,60.02915427155815
P23526,204,0,3.2731885163380734,8.308275862068966,24.946644744927355
P08133,113,0,1.9344195571491325,11.61,59.409447849868
P32322,215,0,2.234219243321909,9.312842105263158,43.80512854823857
P26038,306,0,2.173412357277408,10.703571428571427,29.807417072292747
Q14974,831,0,2.1463038622681605,10.27,48.12782500620968
P17858,726,0,2.05964823696005,10.66,39.03672672765205
P61011,9,0,2.021920314536663,9.525,25.32855080833037
P29401,140,0,2.0217297508973964,10.462142857142856,35.75038160838982
P62491,95,0,2.2474590885485517,10.253,60.335811893625895
Q6P1N9,216,0,2.9785151791882374,10.472,29.232801075994907
Q14974,206,0,2.123270540420719,10.942,49.107995369144994
P09972,215,0,2.418944162961508,8.447272727272727,28.18264757171061
P51659,275,0,1.956486735928418,10.229166666666666,57.226109132547
P11926,57,0,1.903878737570502,10.24,63.04330516482888
P16615,120,0,1.9703293219056144,9.96,68.27960380758488
P16615,218,0,2.461978293377068,10.44,56.24170798242176
P11926,161,0,1.8762653587271287,10.45,49.097169964459496
P54652,364,0,2.03483684018702,10.134,44.04335531247656
Q00535,89,0,2.0558958092560267,10.74,68.04964577032679
P04406,86,0,2.1464060148494672,10.515945945945946,58.34206639136565
P51665,113,0,2.122713957387881,10.538333333333332,31.61192701089689
P45983,290,0,3.286850012378705,9.73,26.29529881015301
P32119,67,0,1.901091480529528,10.62675,63.32337078678862
P38935,237,0,2.371613722770312,9.33,21.712201327428552
P06744,423,0,16.69599518157622,8.8,23.208208114113926
Q06830,68,0,1.929347883249436,10.66,62.14997202258036
P11142,251,0,2.150030438691878,10.958823529411765,35.4342449143216
P15311,162,0,12.199824151495244,10.4425,79.5564160874924
P63096,29,0,2.104120116577652,10.503333333333332,65.05078832462668
P26038,139,0,1.9107121194033103,10.3675,71.93888429747031
P08133,446,0,2.128988934122504,10.55,38.44164035672284
P62258,123,0,2.666725761734682,9.452857142857145,19.815427362911176
P47756,159,0,1.9141082692753448,10.44,38.68985890127992
P61011,71,0,2.4575362141205748,10.155,48.25587763176694
P28482,342,0,2.317181064677329,10.577756410256413,45.3166846441415
P10768,91,0,1.904512245447348,10.5625,74.91845994555135
P23528,34,0,4.263971815793204,8.935555555555554,6.175891191413235
Q6P1N9,134,0,2.1090342973956986,10.446000000000002,23.508891255985944
P68036,100,0,2.758276505495296,10.769545454545456,29.831297978948804
P25325,170,0,2.438947971373492,10.8575,54.269884080903786
P61224,42,0,2.3367172554339355,9.681052631578948,37.62083210376117
P52209,163,0,1.9450257467962575,9.51590909090909,33.80099482107078
P45983,250,0,2.010689731549758,10.29857142857143,66.79673935016703
P50213,58,0,2.5094646178801057,10.34,53.43114429224225
P06744,12,0,10.701964052566623,10.2125,40.07373455580166
P68400,102,0,2.7073045465429866,9.614157303370789,40.56259831627019
P10768,17,0,2.7786862809444246,9.745,23.40911950929569
P61981,198,0,2.302265249027675,10.878333333333332,57.62783483897088
P40925,298,0,2.208703207403257,10.315,62.54946425297709
P08133,34,0,1.9328274764976607,10.65,53.1002135036024
P11142,348,0,2.0896723335305505,11.061764705882354,55.23091402109774
P49588,372,0,2.5339739092560065,11.033125,23.5427374171514
P30153,546,0,1.938799190693126,10.185,38.74526765087682
P26038,143,0,1.9214979367745504,10.314375,60.57856414877803
P14618,270,0,4.314710190193328,11.9575,16.48797818143479
Q07817,20,0,2.1756549081711465,9.8996,33.41483620207761
P22234,419,0,1.92786415734618,10.435,74.57810983310463
P07195,77,0,2.3133576935759352,10.490714285714288,53.69752283183336
P49419,500,0,1.9932143706842944,10.127391304347826,67.06882479797086
Q13509,392,0,2.2942509566979075,9.858055555555556,39.93960736632437
P40925,110,0,2.3279579918710662,10.441666666666666,48.41205187489695
Q13867,238,0,1.917703647172644,10.5875,43.15195539508232
P11171,19,0,2.1429941942459867,8.573333333333332,48.30935015672492
P10768,165,0,1.954484037910452,9.97,24.621365212037915
P04075,312,0,1.9605506940526949,10.5975,50.382077269162295
P30153,467,0,2.6457253099195603,10.9775,34.31131731833979
P11926,345,0,1.916572512206872,10.37,52.06810214212773
P09104,60,0,2.432543640554867,8.734666666666667,36.35342262905093
P48729,304,0,1.9143271269241449,10.415,69.69760746667549
Q13867,184,0,2.742637049339673,11.149285714285714,32.80308461711892
Q06830,178,0,2.089815488882093,10.96,38.45062334821671
P11142,88,0,1.9165606687166568,10.351176470588236,71.9120606883206
P17858,605,0,2.1582874758441903,11.0575,38.17482587440117
P26447,57,0,2.045901500853115,10.118969696969696,61.59830671636382
Q14974,23,0,4.730739092111592,10.651666666666666,53.02583520669788
P09960,83,0,3.3427754160758667,10.156666666666666,14.287821580524652
Q14980,54,0,1.911075850743157,10.35125,59.14478094064936
P63096,277,0,2.263854509978828,9.673333333333334,25.20865214287227
P16615,611,0,2.2681987316946777,9.94,41.60388243702529
P14618,151,0,2.1037297498316168,10.57,65.93802099572406
Q00610,245,0,1.9287641235422852,9.949,58.224821982538586
P41208,6,0,1.8874360657766185,10.4125,68.54734604148707
P52209,64,0,2.305381237514972,10.67818181818182,26.998264166314215
P09104,262,0,2.1782324653200518,7.908333333333333,16.05425186317559
P52209,294,0,2.5165593969803988,9.371666666666666,20.21248535247243
P31947,122,0,3.543775888198988,9.866071428571429,29.147627976104165
P06744,211,0,22.31155134270013,9.0375,31.19697225415828
P49588,50,0,2.312570990430853,9.846875,35.8350920207167
P16157,436,0,2.0535455388825645,10.466666666666669,64.1089977519427
P13716,213,0,2.033030059764161,9.98,57.839273296619126
P06733,80,0,2.0558187495259554,10.3225,61.720666023359534
P47756,237,0,2.361705925309985,6.77,22.031694755313943
P61088,94,0,2.335587598236873,9.30793103448276,44.26143510526976
P31946,87,0,1.9842515017080575,9.915,46.07836531436295
Q13867,297,0,1.9526508106252476,10.32125,63.923562654841454
P07900,100,0,2.13451370048096,11.131214285714284,38.4747240856087
P45983,160,0,2.0340751746679926,10.858571428571429,38.26940440948543
P22234,401,0,2.1057978019881145,9.431666666666668,29.557739931146514
P07900,204,0,2.039889531710652,10.523,57.36141765280349
P11908,235,0,2.072140995214577,9.063333333333333,32.01479808964239
P53990,159,0,2.1070796998728367,9.920625,51.39223429760074
P09960,493,0,1.907313952431479,10.525,59.20271359996927
P13929,420,0,1.945456008401934,10.495,69.30169588832233
P31946,29,0,2.4030871767986133,11.506,33.25548938669978
P27338,52,0,2.020805571213284,10.656612903225808,45.22782146106656
P23526,405,0,1.934660095751836,10.020689655172417,64.05849943353547
P28482,330,0,1.9345003032784516,10.327086614173227,72.29755213214949
P08133,240,0,1.9915209418789104,10.53,71.12811204653352
P17858,474,0,1.924706903511937,10.35,68.29316828836522
P46379,80,0,2.2957880267817563,10.4465,44.12701003435542
Q14974,376,0,1.9409517165007792,10.392,72.7080713519014
P27348,115,0,2.8668714434322826,10.3725,47.534685768227234
P17858,356,0,1.9472564436737667,10.27,53.32041951366496
P0CG47,33,0,3.561717592078924,10.142346666666668,49.9683962646201
P54652,328,0,1.9692746213409695,10.295,65.65316689933687
P49588,236,0,1.9847534217597207,9.536875,46.66635446751353
P35754,100,0,2.0892378758968806,10.398,55.81010551169609
P53990,28,0,2.016233112375093,10.220625,55.43654396524548
P53990,118,0,2.150500993731616,10.299375,46.482354494660505
P09972,42,0,1.98470187655792,10.301666666666668,73.05091946684003
P04406,251,0,2.294165445134849,10.48045045045045,63.20387619306018
P28482,203,0,2.0815779874652938,10.50664,39.69466720460102
P16615,169,0,1.982749552271584,9.92,47.3109127415059
P49790,27,0,2.031443241589071,10.6345,54.122878815916046
P17858,365,0,2.062820635649683,10.43,52.95338495320141
Q06830,67,0,1.991230118079181,10.266875,57.90409932471517
P52209,460,0,2.19296600475958,10.223157894736843,57.783680541092856
Q15404,183,0,2.0240415310218123,9.89,42.74729126323808
P48637,108,0,2.111143665232293,11.02,40.53750808067242
P28482,164,0,3.5145001234364046,10.13716535433071,24.52853890518888
Q00341,25,0,1.9312492962660497,9.9965,35.64608431644893
P63104,74,0,1.970110030024061,10.402272727272727,64.78133180056658
P08758,97,0,3.946126733351078,10.234615384615385,31.171438632617
P62491,24,0,2.582401222764173,9.076,11.30051166948803
P29401,6,0,1.9385322080246836,10.517631578947368,63.81795405204702
P29401,543,0,2.0135140539745477,11.03,64.91813862648603
Q6P1N9,229,0,2.0062898572095187,10.624,47.64663118645014
P61981,77,0,2.0111283820003627,10.608181818181816,61.93458921998904
P23526,188,0,2.6233245777584298,10.664827586206895,36.10166388722641
Q14012,193,0,2.1057160348911848,10.295,51.30207713342742
P11908,29,0,2.0191363025379405,10.6,64.88267166608988
P62937,151,0,2.1155537247055007,10.178488664987404,64.76539470663165
P49588,231,0,2.2799852864431767,10.71125,55.57024982133303
P09601,18,0,3.710811552839724,10.078153846153846,58.12657194478992
P50416,40,0,1.932247799743572,10.375,69.27581920049994
P11586,198,0,1.9268908662627693,10.255,66.5184356926287
P16615,400,0,2.1808838619593773,10.41,61.28173889663708
P06744,400,0,14.333139100145448,8.247499999999999,20.31908497264059
P54725,8,0,3.175010823780662,10.018,23.821761159360012
Q13464,65,0,2.142460810712714,10.1494,54.80969282009613
P62820,173,0,3.7143547213778567,8.293333333333335,11.42617973895475
P46379,43,0,3.3295408373625905,8.341,6.972699444795595
P40925,318,0,2.030419687002959,10.993333333333332,62.773291821237535
P10768,64,0,1.913380595158297,10.49,43.550082723462445
Q13867,279,0,2.1720628250452347,10.31625,66.18169282122585
P47756,57,0,2.268176057925066,10.36,53.13310205169466
P29401,314,0,1.9538567794728128,10.353095238095236,55.52210951098935
P09601,153,0,2.703520838688154,10.252833333333331,67.26767008850943
P15311,3,0,1.9683063836148096,10.376,78.56502762078988
P48637,452,0,2.6263338073605205,9.0,19.226448865199107
P23528,152,0,2.6062113380456924,7.86537037037037,7.375203883194759
P40925,103,0,2.0439062014391443,10.35,59.28464044588867
P10768,31,0,2.247468535496088,10.7575,43.97498312986046
Q14974,873,0,2.040531497802858,10.07,48.74279176814988
P09960,458,0,1.9408099381268875,9.153333333333334,39.42809499579613
P52209,248,0,2.1752859799235025,10.371904761904762,61.78585231780062
P63096,349,0,1.9796850966052708,8.58,54.63700863490688
P14618,261,0,1.9104670414216631,10.8675,62.68670985495383
P11908,194,0,2.0723887652817514,9.593333333333334,33.47483691293652
P51665,127,0,1.954233363761716,10.631666666666666,50.96174883759634
P68400,229,0,2.2928833442693137,9.436221719457016,51.13268293435243
P15311,209,0,2.38631518975008,10.66,52.16456212656233
P52209,331,0,7.498440749718579,8.975,18.77997529674852
P46379,40,0,2.1245562358085657,10.2185,39.34820745802462
P60709,328,0,2.324460331677349,9.856,55.60924429473032
P22234,80,0,1.965741837299387,9.2,28.24412332378689
P13716,179,0,2.2997636550212213,10.545,31.456718153009376
Q13464,307,0,2.0154440356892755,10.520377358490569,72.2472500936529
P50552,71,0,1.9472066918858133,10.425333333333333,72.25198191177023
P48729,302,0,1.9789446691004116,10.065,55.082165768935866
P62826,23,0,2.701145875391325,9.58090909090909,7.455705184068071
P26038,64,0,2.3291245129685203,10.276875,50.73527941353454
Q08257,34,0,2.008991108255292,10.3075,61.58684972065525
P52209,48,0,1.9481010018068536,10.33,61.3934840978282
P28482,207,0,2.1157235248267483,9.476299212598423,43.98233348265245
P49588,272,0,1.9670400637163603,10.289375,63.829891652010005
P68400,303,0,2.985187682563063,10.895303370786516,34.597435433281014
P39748,24,0,1.9679992798161947,10.551,65.60643898110706
P09972,153,0,2.3624566287872906,10.062,43.91794358824372
P23528,22,0,1.916055520749908,10.66425925925926,54.51044862947034
P49588,74,0,4.745344024498971,11.195625,7.658671109445447
Q14974,867,0,2.102309924606597,9.9,45.70084650654114
P52209,59,0,1.9971623918917896,10.01952380952381,65.15783934096149
P16615,328,0,1.893726254218872,10.41,74.1989534155706
P09960,225,0,1.951709983837384,11.145,64.81929221596528
P54652,103,0,3.304000218551998,11.06,8.89028178565394
P14618,136,0,1.9497321342710463,10.445,63.61500957793527
P62937,44,0,2.089805955498873,10.288268292682924,39.61030013297329
P06744,234,0,1.9965114024908577,10.2925,59.70959266674885
Q13867,62,0,2.341546772456948,10.968125,43.60885464071563
P52209,51,0,1.9073531249692983,10.31,57.664608480061446
P14618,266,0,2.5710105939332086,9.2025,31.86734231154148
P29401,327,0,2.1064161132786468,10.44904761904762,22.41311542588649
P62942,35,0,1.9837135430275104,10.66034722222222,47.50691230747922
P52209,309,0,1.893448552016264,10.41,66.84690963284707
P63096,317,0,2.2391031612591226,9.453333333333331,13.460731864620186
P14618,166,0,1.8991397785260695,10.4025,60.07472100041997
P38935,38,0,1.9023281778442047,10.43,80.84230923051487
P15311,143,0,6.025277114673635,10.38,69.70481785814779
P16615,492,0,2.046773012583366,8.82,20.629693583802545
P62820,58,0,2.4238119245210923,11.325,38.97739644139208
Q00535,213,0,2.9938688447913093,11.67,40.05684440467318
P28845,56,0,2.048178618268831,9.53,45.4965120843639
P09972,139,0,2.195128559542606,11.166666666666666,22.03971236156529
P78417,160,0,1.994903509040816,10.0896875,39.24884661365474
P09601,148,0,4.718597856065849,8.973015873015873,26.18485531008462
P61981,127,0,3.4859233959814584,10.749166666666667,26.45427454048193
P78344,206,0,1.932459742585955,10.435,73.78486859638103
P07195,229,0,2.183664999099716,10.988125,48.06996325089063
Q13867,310,0,2.0436936139671134,10.62375,52.15345078785796
P52209,76,0,1.9940747037314728,9.685,61.03991316588084
P62820,103,0,2.100702063126397,10.305,64.02109315333523
P07900,228,0,1.8911479549064447,10.46,82.87253075797379
P78417,198,0,2.061262539655159,10.262068965517242,46.99093069665968
P54725,16,0,1.9405212073534828,10.4044,54.79958605473016
P51157,39,0,1.9211820334221428,10.2875,73.14851609694998
P17858,681,0,2.0615211892570064,8.6925,31.24646051968319
P78417,65,0,1.9327623711527488,10.159354838709678,64.9477706174086
P26447,18,0,1.952824084037448,10.27032679738562,48.80074717984714
P11142,357,0,2.0854513146677225,9.76,38.10374112287825
Q00535,3,0,2.082126054650335,10.79,64.37997102662264
P39748,297,0,1.9218988002081585,10.427,51.82746268984745
P22234,12,0,1.98458479528434,12.208333333333334,31.28658127586341
P78417,100,0,2.0422893155118853,10.0003125,61.548725184807004
P61088,68,0,2.118438652236574,9.266774193548386,54.36449025120566
Q08211,76,0,2.2055135844433265,10.635,66.75681494352764
P11926,141,0,2.419252417400797,10.395,17.935172472265016
Q6P1N9,125,0,2.120870237403823,10.43,50.1581774333625
P52209,241,0,2.091514584751897,10.772380952380953,46.20601180024494
P14618,337,0,2.45670142737651,9.81,46.24997072244985
P56192,204,0,1.915697212050171,10.295,65.69093146102688
Q13509,103,0,3.081266184273768,9.59909090909091,26.1507734356162
Q13867,244,0,2.004767549001404,10.3,40.60390040541828
P15311,35,0,6.453586142040362,10.458333333333334,66.14450980869674
Q08211,14,0,1.870754087821452,10.260000000000002,71.8224203854386
P41208,71,0,2.0470372106635737,10.8695,55.58700498215218
Q13464,375,0,1.9151944148934985,10.544905660377358,59.4584605234626
P62937,125,0,1.995258413624,10.133225806451613,55.76643579846749
P30153,374,0,1.975854668620408,10.536666666666669,48.75206928395502
P68036,48,0,1.978094443688464,10.943636363636363,38.22294713062275
P10114,31,0,1.8918268083291003,10.31,59.23155516585848
P11172,160,0,2.045971583486676,10.73,68.82207668279733
P60709,284,0,1.9621864515021048,8.645333333333333,26.183106552507308
P14618,263,0,1.961021530367323,10.4325,66.8232138132582
P63104,157,0,2.247285005517356,10.16952380952381,45.591403454133264
Q15382,169,0,2.056143825237101,9.835172413793105,43.7400875787174
P78417,161,0,1.973590398487914,10.309655172413796,65.17965756867662
P11908,212,0,2.0805211558743184,10.541666666666666,63.28397516037106
Q6NXG1,307,0,1.919280761172452,10.510000000000002,69.29464912146739
P07195,310,0,2.060600424454452,10.493125,45.83954700407404
Q14790,169,0,2.064937894989685,9.733529411764708,66.35535905730615
P10599,82,0,2.17211117190225,10.629442231075696,58.89560031919613
P11142,25,0,2.1464862032168326,10.522941176470589,62.09978498368949
Q6P1N9,86,0,1.9156736741623424,10.484,69.0971182108806
P62491,145,0,1.9151302213142265,10.404,71.60758453531828
Q00341,41,0,1.9502759649403871,10.389,65.1171948301727
P32119,177,0,2.1701956620561607,9.863823529411764,56.85567663419598
Q14980,153,0,1.941389170591777,10.313333333333333,55.97625976565516
P29401,493,0,2.3925840382656083,10.456428571428573,18.45568887173792
P09960,519,0,2.1027766100098666,10.378333333333332,45.3479900191731
P07948,40,0,2.0458573910325617,10.52,61.89058609788749
P49588,81,0,1.923203024097759,10.454375,50.79136788706279
P23526,226,0,2.2296195820218414,8.089354838709678,23.301895769708853
P09104,28,0,1.9111999723974664,10.960333333333333,36.34258740688839
P62258,73,0,1.9273969932817443,10.627142857142855,52.45120347127017
P12955,484,0,1.9308174216486007,10.307413793103448,56.50486883988204
Q08257,187,0,1.983880583138646,11.05,58.71617852728324
P04075,322,0,1.972403091085119,10.53375,71.27211398166935
P51157,25,0,2.8187707749956816,8.7725,13.322103634626629
P10768,247,0,1.970281953613364,10.3525,71.2364642681589
P40925,179,0,2.401063516303257,10.808333333333332,27.879311331042697
P62491,107,0,2.166980215367209,10.727,66.1202006447088
P63096,67,0,2.0409133117535743,10.67,54.78689969272971
P04406,139,0,1.908330591434957,10.122702702702702,56.66238775814892
P22234,228,0,3.5742822725014247,9.358333333333333,20.35422608629872
P09960,337,0,2.204581746020976,10.773333333333332,64.28798126673472
P62258,106,0,1.9452503677516224,10.852857142857143,58.32995079920168
Q15404,208,0,1.9083625160866995,10.31,66.41006165438768
P62826,167,0,1.9655766516896256,9.862954545454546,47.53713046876046
P29401,523,0,2.0333712841337794,10.31340425531915,49.13153322293304
Q14974,645,0,1.89338352887009,10.7,57.78750246768184
Q15382,91,0,2.2947270146262824,11.748333333333331,40.99935492567359
P16615,33,0,2.055761206575555,9.38,34.91788604679324
P09104,358,0,2.158308844924874,10.234,43.8902812104304
P14618,336,0,2.0307976925145814,10.4725,61.516106617333406
P63096,248,0,1.9091933795427176,10.173333333333334,58.55527280563414
P23528,73,0,1.9441563535327748,10.290555555555557,67.60668181218774
P68036,20,0,1.918950355165496,10.563181818181818,68.05798616332333
Q13426,65,0,1.9533282761263784,10.53,62.91502673729965
P45983,308,0,1.906954105214393,11.078571428571427,49.49950887361612
P07195,244,0,2.0354610834845466,10.66875,61.175943309658194
P54652,109,0,1.934990947947017,10.4,54.93806156841417
P06744,116,0,12.776403949785134,10.496666666666668,72.17162804383919
P61224,31,0,1.9480017222152648,10.268055555555556,61.19577415877115
P08174,110,0,2.0713427772755524,10.677777777777775,49.7033537205493
Q06830,93,0,1.9053238546382056,10.30625,75.25534871557136
P63104,158,0,1.9398746301337977,10.6235,68.57068709315554
P14618,230,0,2.1427616387324546,10.32,56.85636385758895
Q00610,227,0,2.6351201479636623,10.968,41.85554037103958
P04075,14,1,2.058603004189106,10.8925,63.44501178171407
P04075,108,1,2.511164455499829,10.64875,16.348786810049766
P04075,140,1,1.922292016885075,10.40375,63.83823037157296
P04075,153,1,2.2531817093859914,10.28125,47.81016826465432
P04075,230,1,6.176583239680623,7.935,4.241489603427272
P04406,5,1,2.5739867754572665,10.457027027027028,49.59852021438184
P04406,55,1,1.9597743865315544,9.607196261682244,44.72964448534422
P04406,61,1,2.288690290713978,10.816126126126123,49.961611200452296
P04406,107,1,2.0403461203530635,10.462432432432433,50.71682283308763
P04406,145,1,2.2739752195731757,10.01609090909091,54.224823943773984
P04406,162,1,2.3460853185553003,10.538648648648648,41.03454630599345
P04406,186,1,2.2511091682375084,9.487722772277229,35.92927929161688
P04406,194,1,1.9085974265629968,10.397142857142857,77.29696176941277
P04406,215,1,2.080414503729896,10.06918918918919,61.38914769704517
P04406,219,1,1.9411668278634928,9.964954954954957,53.24259492853557
P04406,227,1,2.128581993681178,10.13125,34.087953667824635
P04406,260,1,1.9819728166324329,10.541711711711711,65.99642392840937
P04406,263,1,2.368099082676543,10.806396396396396,49.02323817112799
P04406,334,1,1.9858744944778493,10.394545454545456,34.38504486030773
P05089,39,1,2.8947791002602883,10.019951219512196,43.197173716583066
P05089,83,1,2.59016436370453,10.555049504950494,32.49436990883018
P05109,7,1,2.130163973632241,10.435555555555556,39.713570865729366
P05109,35,1,2.3121612746797378,10.522115384615384,48.91780088294091
P06681,65,1,2.336559916722078,9.775,25.60420920122113
P06702,38,1,2.3493531242672794,10.642575757575758,29.51163745562082
P06732,358,1,2.076336666892733,11.07,44.44352222171225
P06732,365,1,2.475328756735415,11.0,38.74012438373735
P06744,252,1,21.546821697265216,10.477142857142857,39.09362368210223
P06744,466,1,17.285677571430323,7.901666666666666,29.395287956863232
P07195,60,1,2.2523698946016477,9.886,48.94956965127991
P07195,82,1,1.9419218571166192,10.784375,47.061084539775415
P07195,119,1,2.1220251750180106,10.34125,35.76375168754143
P07195,329,1,1.960610065119616,11.223125,45.77931473711078
P07237,71,1,2.0068613716283403,10.523,72.46847582467996
P07451,64,1,2.18423191236378,8.563333333333333,27.207446835487477
P07451,224,1,2.1853971471353137,10.082,29.98588664995324
P07737,54,1,1.974680022025601,10.38,81.36414904147638
P07737,91,1,2.02169358579701,10.1,50.280391932571845
P07737,105,1,2.667174525206176,9.85,24.930874265771116
P07737,108,1,2.320429202452964,10.46,39.91193844352635
P07737,126,1,2.735585059014594,10.36969696969697,25.75222799675547
P07738,3,1,1.9177244520480328,10.818947368421052,48.270019104619074
P07738,5,1,1.9831784325833604,10.406052631578948,53.92141876155676
P07738,18,1,1.9409638448658888,10.77763157894737,62.14559592524779
P07738,43,1,2.0332665439306448,10.486315789473684,48.15810072751714
P07738,159,1,2.507322325489513,10.890263157894736,46.85270955837901
P07738,181,1,2.034920597211618,10.084473684210526,33.76336710906074
P07738,197,1,2.5355542664797457,10.34421052631579,13.588171902574857
P08133,598,1,2.1201866942181007,9.84,36.874836470591895
P08174,76,1,2.3462889328278647,10.26,13.853540029397164
P08567,45,1,1.925422423461577,9.5496,44.416632806591394
P08567,70,1,3.328066677704648,10.7728,30.43530064202784
P08567,75,1,1.924128211980353,10.3332,66.98419687480978
P08603,68,1,17.863539952077357,11.08,39.30695278324599
P08603,478,1,1.9937321666561127,10.453333333333331,76.12638595839489
P08603,766,1,1.8860203465085088,10.453333333333331,77.21285341776137
P08758,70,1,3.321065946401044,10.458076923076922,46.26717899759404
P09104,239,1,2.2305614746584053,10.529,37.61220862712836
P09104,256,1,2.72328036746388,9.872068965517242,47.16197371565221
P09467,330,1,1.9181600239145056,10.2125,64.15629617467175
P09601,48,1,4.492191965302885,9.64276923076923,31.778971298864423
P09601,69,1,4.007315151061393,11.19276923076923,40.29267379666301
P09601,204,1,3.7894582944137984,10.664153846153846,42.725433028198296
P09960,58,1,2.7070085549885268,8.878333333333334,20.444132359392075
P09960,64,1,2.365509939277369,10.741666666666667,43.08560697627545
P09972,111,1,1.9479953221608224,9.125,37.42630051852906
P0CG47,11,1,3.547309697701686,10.67247311827957,55.731079184827344
P0CG47,27,1,3.690645202358465,9.85410052910053,20.25206233816496
P0CG47,29,1,3.270832505939488,10.571853785900784,32.3836381530586
P0DMM9,258,1,1.994018787473801,10.935,34.54475646933251
P10114,5,1,2.7537760801013147,10.423333333333334,33.57099364641357
P10599,39,1,2.349960024046629,10.62280442804428,43.71271454394263
P10599,85,1,2.0534111907228385,10.6300796812749,39.21209183505224
P10768,29,1,1.9159412393814448,11.45,49.618388001875005
P11142,56,1,2.254556381010968,11.321176470588236,27.295111772155384
P11166,117,1,2.0709865438437585,9.84,37.924953084962446
P11171,269,1,2.176333043281733,10.983333333333334,42.54688383187784
P11172,178,1,2.284727817322211,10.6,52.73096182957343
P11233,16,1,2.3300928028521755,10.403,47.28029203061045
P11233,128,1,2.547000495093298,9.586,33.45980090143058
P11233,143,1,2.114380454365219,10.315,55.80733043818542
P11233,166,1,2.101614770285688,11.053,48.13305444898096
P11586,56,1,3.0147972212910834,9.856666666666667,28.61474671752485
P11586,157,1,2.0106596906881573,9.812222222222225,49.04458464853796
P11586,262,1,2.76718820164699,10.824166666666668,39.66482709221352
P11908,243,1,2.4255150442136046,11.405,28.814038774409998
P11926,78,1,2.2503070523514204,10.09,53.95320499643724
P12259,77,1,1.9305754338323105,10.64,49.772514210210886
P12259,105,1,1.9031104846309737,10.275,66.78897536207259
P12955,200,1,2.088393868858548,10.583513513513513,57.94998171273469
P12955,303,1,2.3723743241301776,11.153,44.3154906336058
P13716,252,1,7.920902590698642,5.05,16.30804018970809
P13796,82,1,1.8609634099832024,10.375833333333333,75.90588596943644
P13929,64,1,2.1614657064611174,9.136666666666668,34.85797216606463
P13929,80,1,2.003782570621196,10.263333333333334,48.0238797409456
P13987,66,1,2.1378060213896504,10.458064516129031,69.53034035418973
P14618,66,1,2.59570150930972,10.705,29.874198122379607
P15153,166,1,2.0703319978069583,9.866666666666667,58.257200567240034
P15311,83,1,7.960962247645978,8.075000000000001,21.26077737055413
P15311,254,1,2.1304827365698205,10.636,46.13720063615537
P15735,27,1,2.1987068034439905,10.67,35.62033198333575
P16157,27,1,2.19711272511846,10.26,52.76434670567173
P16157,54,1,2.309456688325611,10.043333333333337,51.28152588148517
P16157,59,1,2.029551763923948,10.37,69.14149102545097
P16157,67,1,1.9954363158720247,9.6,26.817976612904943
P16157,76,1,1.89670535255684,10.403333333333334,65.8990510660194
P16157,77,1,2.0065889269257884,10.146666666666668,62.06064661687869
P16157,110,1,2.0003263605311594,10.603333333333332,57.43700762895791
P16157,128,1,2.550292550396554,10.456666666666663,41.245260908971765
P16157,355,1,2.158169900659629,10.28,54.754011144637445
P16157,360,1,1.9642299324033916,9.856666666666667,38.13127718248696
P16157,363,1,2.271183923232775,10.743333333333332,54.8213263122253
P16157,380,1,2.472078936058107,9.813333333333333,42.50158162948076
P16157,392,1,1.922839265510925,10.303333333333333,64.90144268219508
P16157,421,1,2.424265621721218,10.526666666666666,43.55637136292353
P16157,454,1,2.052856959255533,10.353333333333332,62.272551404686446
P16615,135,1,1.870707705609124,10.43,76.78248794914302
P16615,141,1,2.383281557709359,10.1,40.28955133550315
P16615,460,1,1.99323086649634,10.48,66.70978922849423
P16615,476,1,2.041649050047443,9.11,54.272256637855705
P16615,481,1,2.03063379965651,10.21,26.019979353969656
P16615,683,1,3.0046092820175136,12.94,14.810253167185678
P17612,84,1,6.481116730997807,10.288,39.78724339511761
P17858,16,1,1.9884144953961824,9.5425,30.816528656300903
P22234,304,1,1.900616709943032,10.371666666666668,74.8500594013349
P23526,186,1,3.936933568712141,11.7184375,6.342481845862235
P23528,121,1,2.4201650702930446,9.93173076923077,37.95377530958278
P23942,47,1,1.9024043031800035,10.94,49.223717243536925
P25325,224,1,2.0396248371704098,10.0825,25.15333338681492
P26447,28,1,2.7645281680744778,11.40173553719008,29.23301105641297
P26447,35,1,2.2968510416628334,10.250555555555556,43.038919822796
P27144,201,1,1.9460870651456104,10.635,58.2206454641801
P27338,81,1,1.9462770911120149,10.151693548387096,56.01050349505424
P27348,49,1,2.0943587785779463,9.46,58.353643643797504
P28482,99,1,1.9440527598471489,10.478110236220472,66.55376555436906
P28482,285,1,2.233791235419888,10.73732283464567,52.53932867169118
P28845,247,1,2.3805490296902763,10.6,26.503031949382567
P29401,232,1,2.0122509284324788,9.224285714285717,22.34074425762177
P30153,133,1,2.301180911727739,10.483333333333333,20.63344604169433
P30153,561,1,2.6259462837208205,10.783333333333331,34.8755672665863
P31946,51,1,2.125700848180949,8.478,46.91805985266685
P31947,124,1,4.080293488814231,10.250535714285714,36.871883046248286
P32119,16,1,1.9455513248923773,10.6095,51.11049643205144
P32119,26,1,2.018058750160168,10.365384615384617,59.63054078926678
P32119,29,1,2.5380851662310864,11.221,37.67599004839633
P32119,119,1,2.421515978136041,11.2305,18.275232696431285
P32119,135,1,1.8943957596394236,10.20051282051282,61.19140468223675
P32322,47,1,1.9113267004934944,10.357,71.45153187023729
P35754,20,1,2.41632779218658,10.4375,33.64541175864166
P35754,77,1,2.080434025350557,10.199,52.86017782616023
P37840,45,1,3.544979397247601,9.570655737704918,54.20526925597676
P38935,585,1,1.901801834723719,10.07,47.15560025469405
P39748,8,1,2.001689674453176,10.675,71.76765195351102
P40925,142,1,1.9326748352208225,10.158333333333331,42.161771478271376
P40925,248,1,3.3617344303011283,10.266666666666667,22.87207079014921
P45983,288,1,2.044855552261964,10.47,55.05341458616864
P46597,107,1,2.6850545656332585,10.1625,39.00053296228882
P47756,95,1,1.9482388415915624,10.49,74.71188386611608
P48637,12,1,1.9343769149784649,10.48,74.41065094552968
P48637,443,1,2.416073205163965,10.23,73.11156965834684
P48729,152,1,2.380526644089982,9.585,36.170776104491296
P49588,366,1,1.9426110197597235,9.87375,50.81892227262865
P50461,42,1,2.1207714911835294,10.59421052631579,60.37646761618672
P51157,181,1,1.91536105536312,10.71,69.30827905209469
P51659,46,1,2.486050898711094,10.199166666666668,50.52168861039859
P51858,21,1,2.065132923672459,10.756,64.39430617935082
P52209,377,1,2.549242110889357,10.71,28.870750075127635
P53990,134,1,1.9469687412534848,10.408823529411764,71.97658846242658
P54652,160,1,2.623237583361157,10.21,45.38635999194741
P54725,29,1,3.361926037032219,9.3784,9.722430774727622
P60709,50,1,1.9203153656952725,10.768666666666666,48.71228341282502
P60709,61,1,2.086536011868607,10.59769230769231,45.25873530769713
P60709,68,1,2.240538280102617,9.572,53.561761460969166
P60709,84,1,1.9673929411181608,10.082,36.09780061597306
P60709,113,1,2.109301169066929,9.927333333333332,48.68761536550964
P60709,191,1,1.994329003568246,8.697333333333335,41.424730934292775
P60709,215,1,1.923274868262688,11.457333333333334,51.32485149850437
P60709,291,1,2.0123549222504957,9.706,46.586404752387416
P60709,315,1,1.948049446765698,10.484,45.38114145748395
P60709,326,1,1.966199651808709,10.158666666666669,67.30132712688797
P61088,74,1,2.208977093321649,10.443939393939392,49.08826779360999
P61224,5,1,2.636733763489345,9.977567567567569,35.11033955283431
P61224,128,1,2.140064294152473,10.37925,49.94946278017816
P61769,61,1,1.9061241509857347,9.875,66.29233374218674
P61769,78,1,1.9025519395549189,11.05,67.29975414889961
P61981,28,1,2.6633372787879748,11.080833333333333,34.88692281503209
P62258,118,1,3.0525588366598795,10.437142857142858,42.67555823098112
P62258,142,1,1.9712273623434915,10.391428571428571,66.0102612642949
P62826,60,1,3.0300319060748646,9.685,28.303556495222956
P62937,28,1,2.196776323410214,10.545770171149146,48.00040127526981
P62937,31,1,2.360931603337696,10.82267156862745,39.61820177624379
P62942,48,1,1.97840684301626,10.48625,60.21058670145687
P63096,279,1,1.9447779982772544,11.27,50.45527610528324
P63096,280,1,1.9138696172389396,10.29,64.85067541757769
P63104,27,1,2.448126690258273,11.273142857142858,33.763136632099695
P63104,68,1,1.9587772886419252,10.248,62.77864795621256
P63104,212,1,2.0066222727633494,10.544571428571428,69.99672261721416
P68036,73,1,2.2757681725080428,10.615454545454543,46.52387535694167
P68400,68,1,3.330276946660885,12.717617977528093,18.434563886577397
P68871,9,1,4.917405811498581,10.631428571428572,48.1382595818091
P68871,18,1,2.077747820116222,9.813333333333334,46.20941908811054
P68871,60,1,10.340465065990353,9.523333333333332,47.22789688285532
P68871,62,1,11.031083602277036,10.41125,59.0753222905739
P68871,67,1,9.755008361259533,9.61,70.3635146626198
P68871,83,1,6.134963703757191,9.324285714285711,51.99807548088052
P68871,96,1,16.237608468043607,9.376,49.50631659269671
P68871,121,1,6.847410297917321,9.53,54.49728630163848
P68871,133,1,6.835068836216959,9.901666666666666,29.54998412428296
P68871,145,1,7.804884601296599,9.991666666666667,27.087324549718968
P69905,8,1,2.441423345983031,10.809,34.44353500853232
P69905,12,1,2.048508330484448,10.105,48.19376981762702
P69905,17,1,1.93152684425808,10.565,46.42397568555056
P69905,41,1,2.2229807715661,9.117777777777778,39.77754809112279
P69905,57,1,1.9470751417378207,10.382,63.3854933271441
P69905,61,1,2.1728140696132665,10.137371714643304,66.30430305701643
P69905,62,1,1.9332217796660025,9.947,62.8726446889073
P69905,91,1,2.058518186142067,9.1075,47.939120825607134
P69905,100,1,1.9479231562951915,9.702222222222224,57.95390870355167
P69905,128,1,2.314246062006802,10.249,29.5660291542627
P69905,140,1,2.0455729574236865,10.38,35.82712513809674
P78417,152,1,2.113399818500122,10.7225,36.53121045695149
Q00059,76,1,27.73031379035458,10.87,35.51671942146032
Q00535,104,1,3.196213286276687,11.4,16.603644423456803
Q05193,393,1,1.9653764095709796,10.405,48.22573797724656
Q06187,26,1,2.2500461185275697,9.963555555555557,45.43791919971289
Q06187,36,1,2.113649648795126,10.740434782608697,42.13138899533333
Q06830,16,1,1.943533534636173,10.630625,59.36000049049744
Q06830,120,1,2.628505731640271,9.117142857142856,13.629533253222448
Q07817,87,1,2.121917253083103,8.98,11.525587148163652
Q08211,33,1,2.5877330678834825,10.19,50.16886212087706
Q08257,116,1,2.01241779135259,10.2025,47.238729741551154
Q12792,98,1,2.3328579094572826,9.3,35.42531871019495
Q13509,216,1,1.9936256105063797,9.93911111111111,53.0143745748867
Q13509,252,1,3.76966172365553,7.836923076923076,15.980602996424322
Q13867,68,1,1.875936867497546,10.9125,42.938159379405406
Q14012,49,1,3.678485060068701,9.995,11.974687635471357
Q14790,148,1,2.054730003772195,10.119473684210526,40.189499187889645
Q14974,403,1,2.167003329084933,10.444,43.570408173432696
Q15382,109,1,1.8790136064464669,10.425714285714289,78.73568669421472
Q15404,155,1,1.920501695531005,10.51,50.62784553507418
Q15404,174,1,1.9588527255752857,10.72,61.04929376519493
Q15493,106,1,7.761252590099052,12.535714285714286,33.69208755074335
Q6P1N9,27,1,1.9496120227474196,10.314,53.68427484781292
Q7L273,38,1,2.154358536221225,9.812,42.39956931636325
Q8IVW4,246,1,1.8707370416272373,10.38,85.92861318652368
Q8N335,162,1,2.1914774992837014,10.265,41.38837245348139
Q8N335,180,1,2.486426416741751,9.98,35.7312476573
Q8N5Z0,49,1,2.1675972602029336,9.49074074074074,45.25096243912134
Q8N8N7,340,1,2.6025498897212183,9.977,6.257257350310427
Q8N8S7,52,1,2.7275725917769345,9.903513513513513,11.103012422475828
Q8N8S7,66,1,2.666966227168579,10.500533333333331,59.85592358014686
Q8N960,22,1,1.9639177295712409,10.689,65.48650213657157
Q8NEM0,41,1,13.265761077898938,10.4125,83.13696122962031
Q8WVY7,65,1,2.214374887889243,9.609166666666663,44.80092583719713
Q92879,83,1,1.9515503775349237,10.135714285714286,35.568499600375745
Q92890,42,1,2.422027961512797,9.9765,39.435301569360696
Q93034,137,1,2.038251700570477,10.78,56.04951450685372
Q96C45,216,1,2.200093500165445,9.99,76.7666163612577
Q96H22,26,1,1.9729056737514576,10.26,62.91294543216664
Q96KN2,362,1,1.957967987001712,10.295,64.18565043102873
Q96MX6,353,1,1.8362593533056195,10.125,43.5349474463553
Q96QZ0,183,1,1.9028094625479528,10.42,64.24674318816729
Q99497,41,1,1.917778109830937,10.733495145631068,65.9956745268031
Q99963,136,1,1.900868275210623,10.48,58.52139160152981
Q9BQE5,54,1,2.0283119667399303,10.48,70.27768946019147
Q9BQE5,58,1,1.9651691196642025,10.25,66.82946427364192
Q9BV86,21,1,2.041468451906915,10.478358208955225,58.32503913009028
Q9BWD1,233,1,1.9098681116504783,10.333333333333334,54.6775657234001
Q9BWD1,265,1,2.57686649323318,10.513333333333334,47.52057041790173
Q9BY32,19,1,2.7779046023683622,9.886875,29.27850838567383
Q9BY32,56,1,3.533999656566348,11.875,20.83681780570602
Q9BZ29,100,1,2.0174015833181325,10.35,55.12480634422364
Q9GZZ1,47,1,3.6473732417932094,11.568275862068964,12.481072537099044
Q9GZZ1,70,1,2.347402976975742,10.15103448275862,27.61317984044285
Q9H227,294,1,2.2524050539484928,11.675,25.74548924084695
Q9H227,295,1,1.906125473414664,10.52,65.84501349071607
Q9H3R0,253,1,4.985250965736089,10.047058823529412,60.97498123896994
Q9H4G4,7,1,1.9910025377107103,10.441428571428572,71.17800820485459
Q9H8Y8,65,1,2.343050544292009,10.283333333333331,53.580637196829485
Q9H8Y8,75,1,2.380449835758914,11.718,5.531912693981757
Q9HB71,33,1,2.4964221993193103,9.678275862068968,26.576702522798374
Q9NP64,88,1,1.993359290819252,9.7515,24.807930000768287
Q9NP97,52,1,2.2435350190093013,8.515,38.46089897418782
Q9NQW7,304,1,1.9467614680479883,10.216666666666669,70.78219869709606
Q9UDX4,253,1,2.9753835529154777,9.94,41.25082960011641
Q9UIJ7,20,1,2.3161431824456065,8.116470588235293,23.434818199200976
Q9UKE5,67,1,2.3045287233619405,10.79,44.12766126033257
Q9ULC4,103,1,2.377016945028674,5.372,14.304325850263826
Q9ULC4,122,1,2.241536847097034,9.74125,46.431114082191215
Q9ULC6,35,1,1.8847980977035437,10.36,75.41594423221667
Q9ULK4,554,1,1.9248048888880973,10.42,70.4726318293314
Q9ULK4,582,1,2.3637896441514408,10.1,39.998692215658295
Q9ULK4,768,1,1.973493251401928,10.96,46.80073118453231
Q9ULK4,795,1,2.318578663879421,9.89,35.3254095188261
Q9Y217,44,1,2.1374531896787605,10.39,56.91850848726778
Q9Y217,467,1,1.915754343348012,10.365,60.74473926487582
Q9Y217,493,1,2.008923037447879,10.145,54.61293945369109
Q9Y279,258,1,1.870700929243908,10.38,85.55335648903707
Q9Y281,19,1,2.191123490625272,9.538048780487806,38.87055954335736
Q9Y2Q3,116,1,2.1529861507639967,10.172307692307694,49.37903224765057
Q9Y2Q3,144,1,1.9240226154082736,10.113076923076925,47.09491314276077
Q9Y3A5,248,1,1.8983749918407848,10.4505,66.940139964834
Q9Y3D6,120,1,1.918425880760304,10.381428571428572,66.23150979691958
Q9Y530,146,1,2.2741122841608954,10.89809523809524,38.554168901915496
Q9Y600,35,1,2.2110856550214755,10.575,29.802702345817835
Q9Y600,47,1,2.2524170480575503,11.58,22.81013069124211
